permno,start,ending
10006,1957-03-01,1984-07-18
10030,1957-03-01,1969-01-08
10049,1925-12-31,1932-10-01
10057,1957-03-01,1992-07-02
10078,1992-08-20,2010-01-28
10102,1957-03-01,1975-02-05
10104,1989-08-03,2024-12-31
10107,1994-06-07,2024-12-31
10108,2002-07-22,2005-08-11
10137,1925-12-31,1976-06-30
10137,2000-12-11,2011-02-25
10138,1999-10-13,2024-12-31
10145,1925-12-31,2024-12-31
10147,1996-03-28,2016-09-07
10153,1925-12-31,1944-06-07
10153,1957-03-01,1963-03-13
10153,1977-06-30,1987-07-08
10161,1957-03-01,1993-11-12
10196,1944-06-07,1947-02-26
10209,1957-03-01,1963-10-16
10225,1925-12-31,2014-04-30
10233,1925-12-31,1933-03-28
10233,1957-03-01,1957-07-10
10233,1957-08-21,1959-03-25
10233,1969-05-15,1986-01-08
10241,1925-12-31,1988-12-21
10276,1957-03-01,1973-02-28
10292,1957-03-01,1962-09-26
10299,2000-04-03,2017-03-10
10321,1957-03-01,1987-08-05
10324,2001-12-14,2011-04-01
10353,1999-10-01,2001-05-11
10364,1925-12-31,1999-10-26
10372,1925-12-31,1941-08-20
10372,1947-02-26,1988-04-27
10401,1957-03-01,2005-11-18
10436,1957-03-01,1971-06-23
10452,1925-12-31,1944-06-07
10479,1925-12-31,1941-08-20
10479,1957-03-01,1973-02-28
10479,1978-03-02,1984-02-15
10487,1957-03-01,1986-05-07
10495,1925-12-31,1950-06-30
10495,1957-03-01,1977-01-19
10516,1957-03-01,1970-04-22
10516,1981-07-30,2024-12-31
10524,1925-12-31,1971-01-13
10559,1957-03-01,1986-10-08
10562,2004-07-01,2009-01-29
10575,1925-12-31,1968-08-20
10591,1925-12-31,1967-06-28
10604,1957-03-01,2000-04-17
10623,1987-04-23,1988-04-13
10693,1997-01-07,2003-03-20
10696,2001-04-02,2024-12-31
10725,2000-06-19,2004-08-31
10727,1957-03-01,1970-06-24
10735,1957-03-01,1968-01-17
10751,1957-03-01,1983-02-02
10778,1957-03-01,1958-09-24
10786,1925-12-31,2000-12-08
10791,1994-01-18,2000-06-20
10807,1925-12-31,1954-04-20
10807,1957-03-01,1965-10-20
10823,1928-08-24,1951-09-06
10823,1957-03-01,1983-11-30
10831,1925-12-31,1928-08-24
10858,1925-12-31,1940-04-15
10866,1957-03-01,1996-07-19
10874,1973-03-01,2008-06-20
10890,1925-12-31,1941-08-20
10890,1954-04-20,2008-11-10
10909,2010-04-30,2022-06-07
10942,1999-10-27,2007-01-31
10970,1950-07-03,1980-02-13
10989,1957-03-01,2000-10-02
11033,1961-06-21,1968-05-08
11041,1925-12-31,1953-06-22
11041,1964-10-22,1976-06-30
11042,1996-04-01,2002-05-14
11068,1957-03-01,1970-08-12
11081,1996-09-06,2013-10-28
11092,1957-03-01,1976-03-03
11148,1939-04-15,1953-06-22
11148,1958-06-04,1968-07-03
11156,1925-12-31,1980-11-05
11164,1957-03-01,1986-12-17
11199,1925-12-31,1939-04-15
11260,1928-11-26,1998-11-12
11287,1925-12-31,1941-08-20
11287,1957-03-01,1965-01-06
11295,1957-03-01,1986-01-22
11308,1957-03-01,2024-12-31
11332,1967-11-30,1970-04-22
11332,1985-10-24,1988-06-08
11340,1925-12-31,2000-11-01
11359,1957-03-01,1962-02-07
11367,1954-04-20,1968-08-20
11375,1957-03-01,1960-02-03
11375,1963-03-14,1968-07-16
11391,1957-03-01,1968-01-17
11403,2017-09-18,2024-12-31
11404,1925-12-31,2024-12-31
11415,2006-02-27,2008-12-22
11439,1957-03-01,1966-09-28
11447,1957-03-01,1984-10-03
11471,1957-03-01,1981-10-14
11527,1957-03-01,1968-09-10
11533,2023-03-20,2024-12-31
11543,1957-03-01,1971-08-18
11552,2006-11-06,2019-11-20
11600,2008-11-14,2024-04-02
11607,1957-03-01,2006-03-02
11618,2008-09-15,2024-12-31
11626,1993-07-01,1994-09-20
11658,1957-03-01,1979-02-07
11666,1925-12-31,1953-06-22
11674,1925-12-31,2024-12-31
11682,1925-12-31,1928-11-23
11690,1957-03-01,1987-08-19
11703,1957-03-01,2017-08-31
11746,1963-06-27,1973-11-14
11754,1925-12-31,2010-12-17
11762,1957-03-01,2024-12-31
11770,1957-03-01,1963-06-26
11786,2018-03-19,2023-03-14
11789,1931-11-16,1949-07-06
11826,1925-12-31,1944-06-07
11826,1957-03-01,1970-06-24
11834,1944-06-07,1958-06-04
11850,1925-12-31,2024-12-31
11891,2017-07-26,2024-12-31
11896,2000-05-10,2007-09-26
11896,2018-12-03,2021-08-27
11949,1957-03-01,1973-05-30
11955,1998-07-17,2024-12-31
11970,2000-06-01,2007-02-14
11976,1998-10-01,2013-09-10
11981,1957-03-01,1972-09-13
11983,2000-01-31,2003-11-12
11990,2024-06-24,2024-12-31
11997,1993-12-13,2002-11-18
12044,1957-03-01,1970-06-24
12052,1957-03-01,2024-12-31
12060,1925-12-31,1950-06-30
12060,1957-03-01,2024-12-31
12062,2004-11-01,2024-12-31
12067,2000-06-19,2012-06-04
12073,2008-11-13,2022-04-01
12076,2015-07-29,2018-03-16
12079,1925-12-31,2009-06-02
12084,2021-03-22,2024-12-31
12095,1957-03-01,1998-10-06
12124,1957-03-01,1973-08-01
12140,1957-03-01,2012-07-30
12167,1957-03-01,1975-12-10
12183,1925-12-31,1970-03-04
12191,1957-03-01,1968-01-15
12212,1957-03-01,1960-12-28
12220,1957-03-01,1958-06-04
12298,1940-04-15,1944-06-07
12308,2016-09-08,2024-12-31
12319,1957-03-01,2001-12-14
12343,1957-03-01,1959-05-27
12343,1964-01-16,1975-08-13
12345,2012-09-05,2024-12-31
12369,2013-06-07,2024-12-31
12394,1925-12-31,1963-03-22
12431,1957-03-01,2009-06-30
12431,2010-11-17,2024-12-31
12448,2019-01-02,2023-05-03
12449,2018-06-20,2024-12-31
12456,2011-01-04,2012-05-24
12458,1957-03-01,1998-06-30
12466,1957-03-01,1978-08-23
12474,1925-12-31,1940-04-15
12476,2022-10-12,2024-12-31
12490,1957-03-01,2024-12-31
12503,1925-12-31,2006-12-19
12511,1957-03-01,1965-01-06
12511,1975-02-06,2000-10-17
12542,2013-07-09,2022-10-11
12546,1925-12-31,2002-07-19
12558,2012-05-25,2024-12-31
12570,1925-12-31,1941-08-20
12570,1957-03-01,2011-10-31
12591,2024-12-23,2024-12-31
12618,1957-03-01,1957-07-03
12622,2015-01-27,2024-12-31
12623,2018-01-03,2024-12-31
12626,1957-03-01,1984-11-21
12650,1958-06-04,1976-06-30
12650,1999-04-05,2000-07-12
12650,2013-05-24,2021-12-13
12669,1957-03-01,1975-10-15
12706,1925-12-31,1981-06-24
12730,1950-07-03,1980-09-26
12749,1925-12-31,1944-06-07
12749,1957-03-01,2002-01-16
12757,1957-03-01,1963-12-04
12781,1957-03-01,1976-06-30
12810,1925-12-31,1941-08-20
12837,1957-03-01,1980-08-27
12872,2011-07-01,2024-12-31
12888,1941-08-20,1990-12-11
12896,1957-03-01,1968-12-10
12909,1925-12-31,1971-06-23
12933,1925-12-31,1944-06-07
12933,1984-03-01,1986-06-04
12941,1957-03-01,1967-05-17
12976,1957-03-01,1986-07-16
12981,2016-06-24,2022-12-16
13004,1957-03-01,1961-02-08
13012,1957-03-01,1971-12-08
13035,2011-11-01,2024-12-31
13056,1989-10-05,2004-04-30
13063,1957-03-01,1976-06-30
13100,1944-06-07,2005-08-29
13103,2012-12-24,2024-12-31
13119,1960-12-14,2006-03-31
13135,1957-03-01,1964-01-15
13141,2012-01-03,2014-03-21
13142,2013-11-13,2020-05-11
13143,1933-03-28,1957-03-01
13143,1961-10-25,1980-06-16
13151,1957-03-01,1960-06-22
13168,2011-12-21,2019-12-20
13207,1945-03-01,1953-06-22
13207,1957-03-01,1958-06-04
13210,2021-12-14,2024-12-31
13274,1957-03-01,1964-01-22
13290,1957-03-01,1979-05-02
13303,1957-03-01,1994-01-03
13311,1925-12-31,1974-05-08
13311,1977-11-03,1981-07-02
13323,2021-01-07,2024-12-31
13354,1957-03-01,1993-09-30
13356,2012-05-01,2024-12-31
13362,1925-12-31,1944-06-07
13370,1957-03-01,1958-12-10
13370,1959-02-25,1970-04-22
13389,1957-03-01,1958-04-23
13407,2013-12-23,2024-12-31
13434,1925-12-31,1968-01-31
13442,1925-12-31,1964-10-21
13447,2019-11-21,2024-12-31
13511,2023-06-20,2024-12-31
13522,1925-12-31,1945-02-28
13522,1958-06-04,1982-06-02
13549,1925-12-31,1947-07-16
13565,1925-12-31,1941-08-20
13565,1957-03-01,1961-08-16
13567,2012-10-01,2016-05-02
13573,1925-12-31,1970-03-04
13586,2012-10-01,2024-12-31
13598,2012-10-02,2015-07-02
13610,1957-03-01,1975-02-05
13628,2024-12-23,2024-12-31
13637,1957-03-01,1976-01-14
13641,2018-12-03,2024-12-31
13661,1957-03-01,1987-03-25
13688,1925-12-31,2019-01-17
13688,2022-10-03,2024-12-31
13696,1925-12-31,1944-06-07
13696,1957-03-01,1962-10-17
13721,2013-01-02,2024-12-31
13760,2017-10-13,2024-12-31
13788,2013-06-24,2024-12-31
13792,1925-12-31,1972-09-27
13805,1957-03-01,1965-06-16
13821,1925-12-31,1930-01-04
13821,1940-04-15,2007-02-21
13856,1957-03-01,2024-12-31
13864,1941-08-20,1944-06-07
13901,1957-03-01,2024-12-31
13911,2017-08-29,2024-12-31
13928,1957-03-01,2024-12-31
13936,2013-02-14,2022-09-16
13949,2019-09-23,2024-12-31
13963,2013-07-01,2024-12-31
13964,2015-09-21,2024-12-31
13983,2016-10-03,2020-09-18
14008,1992-01-02,2024-12-31
14011,2014-08-19,2017-07-25
14058,1925-12-31,1948-07-07
14066,1925-12-31,1954-04-20
14066,1957-03-01,1980-11-19
14090,1925-12-31,1986-06-11
14154,1925-12-31,1958-06-04
14154,1968-07-08,1972-09-27
14189,1957-03-01,1984-07-18
14218,1925-12-31,1954-04-20
14218,1957-03-01,1989-02-08
14250,1925-12-31,1981-09-09
14277,1957-03-01,1962-01-31
14277,1965-03-04,2024-12-31
14295,2018-06-07,2022-10-31
14297,2013-12-02,2024-12-31
14314,1957-03-01,1958-06-11
14322,1925-12-31,2005-03-24
14323,1984-11-23,2006-09-29
14338,2017-06-19,2024-12-31
14357,1957-03-01,1985-06-12
14402,1963-03-14,1979-02-07
14429,1957-03-01,1969-03-05
14461,1970-04-23,1976-12-08
14488,1957-03-01,1967-07-19
14496,1925-12-31,1983-12-28
14509,1925-12-31,1982-06-02
14525,1957-03-01,1986-09-17
14533,1925-12-31,1981-07-29
14541,1925-12-31,2024-12-31
14542,2014-04-03,2024-12-31
14568,1925-12-31,1930-02-06
14568,1931-11-16,1941-08-20
14568,1944-06-07,1945-02-28
14579,2020-01-28,2024-12-31
14592,1957-03-01,1988-02-24
14593,1982-11-18,2024-12-31
14601,2014-05-01,2018-06-04
14605,1925-12-31,1941-08-20
14613,1957-03-01,1964-04-22
14656,1969-03-06,2012-10-04
14664,1957-03-01,1966-06-01
14699,1958-03-12,1958-04-09
14702,1995-03-16,2024-12-31
14704,2017-06-02,2022-03-01
14714,2018-08-28,2024-12-31
14728,1960-03-23,1963-06-12
14736,1925-12-31,2001-10-09
14760,1957-03-01,1972-09-13
14760,1974-04-11,1981-10-28
14763,2020-09-21,2024-12-20
14776,2015-11-18,2024-12-31
14779,1957-03-01,1963-01-16
14795,1925-12-31,1950-06-30
14795,1964-02-20,2001-08-06
14816,1957-03-01,1957-08-21
14832,1957-03-01,1960-10-26
14859,1925-12-31,1981-06-24
14867,1957-03-01,1959-05-27
14867,1965-09-30,1973-05-30
14875,1941-08-20,1957-03-01
14882,2021-03-22,2024-12-31
14883,1957-03-01,1999-04-30
14889,2016-02-01,2024-12-31
14891,1957-03-01,2005-08-10
14904,1925-12-31,1969-07-15
14912,1925-12-31,1985-09-25
14939,2018-11-06,2024-12-31
14955,1925-12-31,1941-08-20
15042,1929-07-22,1941-08-20
15042,1957-03-01,1969-02-12
15069,1925-12-31,2024-11-25
15077,1987-04-09,2009-01-05
15085,1957-03-01,1958-04-09
15149,1957-03-01,1960-12-14
15149,1963-03-14,1967-08-30
15157,1957-03-01,1968-08-06
15165,1957-03-01,1963-12-04
15202,1999-07-01,2024-12-31
15237,1957-03-01,1972-01-19
15272,2021-12-20,2023-12-15
15291,2020-09-21,2024-09-20
15315,2024-06-24,2024-12-31
15317,1958-06-04,1966-12-14
15325,1925-12-31,1944-06-07
15341,1925-12-31,1968-06-11
15368,1950-07-03,2000-05-04
15401,2015-07-01,2016-06-02
15404,2015-07-02,2016-07-05
15408,2015-07-06,2024-12-31
15448,1957-03-01,1967-05-17
15456,1925-12-31,1998-12-31
15456,2016-04-04,2019-08-08
15464,1957-03-01,1967-11-29
15472,1957-03-01,2008-10-06
15480,1957-03-01,1963-10-30
15488,2015-07-20,2024-12-31
15499,1957-03-01,1969-05-28
15528,1957-03-01,1965-06-16
15536,1957-03-01,1968-01-31
15544,1957-03-01,1964-01-29
15544,1968-11-07,1975-08-13
15553,2011-12-13,2016-06-30
15560,1973-03-01,2011-06-30
15579,1959-03-25,2024-12-31
15659,1925-12-31,2001-02-06
15667,1957-03-01,2009-10-15
15704,1925-12-31,1951-09-06
15707,2015-11-02,2024-12-31
15712,1982-07-01,1986-12-17
15719,2015-11-10,2015-11-10
15720,1925-12-31,2024-12-31
15747,1972-01-20,1993-07-12
15763,1957-03-01,1985-10-09
15797,2015-11-30,2018-04-03
15819,1957-03-01,1968-09-10
15835,1957-03-01,1968-07-23
15843,1957-03-01,1973-05-30
15850,2021-09-20,2024-12-31
15915,1957-03-01,1977-05-18
15966,1957-03-01,1999-11-30
15974,1957-03-01,1968-09-10
15980,2016-04-08,2022-06-17
16029,1968-11-07,1982-11-17
16044,2016-05-16,2016-05-16
16087,2016-07-05,2024-12-31
16088,1982-01-14,1986-05-07
16109,1925-12-31,1985-11-06
16176,1925-12-31,1929-08-01
16205,1957-03-01,1967-10-04
16256,1957-03-01,1965-12-15
16267,2016-09-07,2016-09-07
16276,2016-10-03,2016-10-03
16279,2016-10-03,2016-10-03
16280,1967-09-28,1973-11-14
16336,1973-03-01,1982-10-20
16342,2016-10-31,2016-10-31
16343,2016-11-01,2016-11-01
16344,1957-03-01,1966-06-22
16346,2016-11-01,2016-11-01
16347,2016-11-01,2016-11-01
16360,1977-05-19,1989-01-04
16424,1960-10-26,2005-09-30
16431,2016-11-10,2016-11-10
16431,2018-12-03,2024-12-31
16432,1925-12-31,2019-02-26
16538,2017-01-17,2021-02-11
16544,2017-02-02,2017-02-02
16571,1957-03-01,1994-12-20
16581,2022-09-19,2024-12-31
16598,1957-03-01,1981-06-17
16600,1957-03-01,2024-12-31
16619,1957-03-01,1974-05-08
16651,1957-03-01,1987-12-09
16678,1957-03-01,2024-12-31
16686,1957-03-01,1968-07-23
16692,2020-03-03,2024-12-31
16707,1941-08-20,1982-09-15
16723,1957-03-01,1968-11-06
16731,1957-03-01,1977-11-02
16736,2024-05-08,2024-12-31
16758,1957-03-01,1979-01-10
16803,1957-03-01,1985-05-08
16816,2017-08-07,2019-04-02
16851,2017-09-01,2024-12-31
16870,1957-03-01,1998-06-29
16926,1957-03-01,1962-01-10
16969,1957-03-01,1975-10-15
17005,1957-03-01,2024-12-31
17013,1957-03-01,1965-11-03
17048,1957-03-01,1967-07-12
17056,1957-03-01,1963-01-16
17064,1957-03-01,1961-04-26
17099,1957-03-01,1961-06-07
17128,1932-10-03,1941-08-20
17128,1957-03-01,1986-05-07
17137,1982-04-08,1995-10-31
17144,1957-03-01,1963-03-13
17144,1969-02-13,2024-12-31
17216,1957-03-01,1960-07-13
17232,1941-08-20,1950-06-30
17232,1957-03-01,1967-07-19
17267,1967-07-13,1977-05-18
17278,1983-09-13,1994-09-26
17279,2008-06-11,2015-06-11
17291,1957-03-01,1986-11-26
17304,1957-03-01,1987-01-07
17307,2022-06-08,2024-12-31
17312,1957-03-01,1964-09-02
17340,1980-12-11,1989-02-08
17398,1957-03-01,1962-04-25
17419,1941-08-20,1944-06-07
17435,1970-04-23,1984-04-11
17451,1957-03-01,1967-06-28
17478,1957-03-01,2024-12-31
17486,1957-03-01,1961-08-02
17515,1957-03-01,1968-05-22
17558,1957-03-01,1979-07-27
17566,1957-03-01,1998-11-23
17582,1957-03-01,1963-08-28
17590,1957-03-01,1987-08-05
17603,1957-03-01,1960-10-26
17646,1957-03-01,1981-06-24
17654,1957-03-01,1967-09-27
17676,2018-05-01,2018-05-01
17689,1957-03-01,1964-01-15
17700,2021-09-20,2024-12-31
17718,1957-03-01,1968-04-03
17726,1957-03-01,2000-12-08
17742,1957-03-01,1960-02-24
17743,2019-12-05,2024-12-31
17750,1957-03-01,2024-12-31
17783,2018-05-09,2018-05-09
17806,1957-03-01,2007-03-19
17830,1957-03-01,2024-12-31
17849,1944-06-07,1947-02-26
17881,1957-03-01,1963-01-30
17929,1929-08-01,1951-09-06
17942,2022-06-21,2024-12-31
17953,1957-03-01,1986-04-23
17961,1968-04-04,2001-04-02
18016,1957-03-01,2008-11-13
18032,1957-03-01,1995-12-12
18065,2018-10-01,2018-10-01
18067,1957-03-01,1995-11-30
18091,1957-03-01,1970-04-22
18092,1990-08-23,2007-07-11
18112,1957-03-01,2000-01-28
18142,2018-10-29,2018-10-29
18143,2018-10-31,2024-12-31
18147,1957-03-01,1999-04-09
18163,1957-03-01,2024-12-31
18171,1957-03-01,1959-04-01
18198,1941-08-20,1944-06-07
18267,2024-09-23,2024-12-31
18278,1957-03-01,1990-12-04
18312,2021-07-21,2024-12-31
18315,1957-03-01,1982-09-15
18327,2019-02-08,2019-02-08
18331,1958-09-24,1978-05-03
18366,1957-03-01,1961-09-20
18374,1958-01-02,1999-12-01
18382,1950-07-03,2003-04-15
18390,1961-06-21,1968-11-06
18403,1957-03-01,2013-11-29
18411,1944-06-07,2024-12-31
18420,2019-03-19,2024-12-31
18421,2019-03-19,2024-12-31
18428,2019-04-02,2024-12-31
18446,1957-03-01,1995-05-19
18454,1957-03-01,1961-08-09
18542,1941-08-20,1954-04-20
18542,1957-03-01,2024-12-31
18550,1957-03-01,1988-05-04
18551,1991-02-13,1997-01-06
18569,1957-03-01,1988-05-04
18576,2023-12-18,2024-12-31
18578,2019-05-23,2019-05-23
18585,1957-03-01,1960-12-14
18592,2019-06-03,2024-12-31
18649,1957-07-03,1996-01-19
18681,1957-03-01,1963-03-13
18681,1964-02-20,2002-12-11
18724,2019-06-11,2024-12-31
18726,2024-06-24,2024-12-31
18729,1957-03-01,2024-12-31
18825,1957-03-01,1976-01-14
18841,1957-03-01,1968-04-03
18868,1944-06-07,1947-02-26
18884,1957-03-01,1982-06-16
18921,1957-03-01,2000-05-04
18948,1957-03-01,1996-12-06
18980,1957-03-01,1976-06-30
18999,1957-03-01,1989-12-15
19019,1944-06-07,1950-06-30
19019,1957-03-01,1983-09-12
19027,1944-06-07,1987-02-25
19051,1979-03-01,1999-07-21
19107,1957-03-01,1964-02-19
19131,1941-08-20,1992-02-07
19166,1964-02-20,2001-12-31
19166,2009-08-19,2024-12-31
19174,1957-03-01,1971-08-18
19203,1941-08-20,1947-02-26
19203,1957-03-01,1967-04-26
19211,1957-03-01,1968-11-06
19238,1957-03-01,1985-04-17
19254,1957-03-01,1998-09-30
19270,1957-03-01,1967-04-12
19285,2020-04-03,2024-12-31
19286,2020-04-03,2024-12-31
19297,1957-03-01,1982-06-23
19334,1957-03-01,1980-10-01
19350,1957-03-01,2024-12-31
19377,1957-03-01,1998-06-30
19385,1944-06-07,1968-09-10
19393,1957-03-01,2024-12-31
19414,1967-10-05,1984-02-29
19430,1957-03-01,1973-05-30
19502,1979-10-11,2024-12-31
19510,1957-03-01,1972-09-13
19537,1925-12-31,1991-09-19
19553,1957-03-01,1998-12-31
19561,1957-03-01,2024-12-31
19583,2008-08-21,2024-12-31
19589,1991-05-22,1995-08-17
19596,1941-08-20,1994-07-12
19617,1957-03-01,1976-06-30
19625,1957-03-01,1961-06-21
19668,1957-03-01,1965-01-06
19684,1957-03-01,1969-08-06
19692,1957-03-01,2000-11-16
19713,1957-03-01,1984-08-15
19721,1989-08-24,1996-08-15
19756,1957-03-01,1976-01-14
19764,1957-03-01,1965-11-03
19764,1966-01-06,1970-03-18
19772,1957-03-01,1966-05-18
19788,2024-09-23,2024-12-31
19807,2020-10-09,2021-03-19
19828,1957-03-01,1967-11-08
19836,1957-03-01,1961-06-21
19844,1957-03-01,1967-05-17
19879,1957-12-04,1978-07-19
19887,1957-03-01,1982-10-06
19895,1957-03-01,2002-01-29
19916,1957-03-01,2000-12-08
19932,1957-03-01,1968-08-06
19940,1957-03-01,1980-04-09
19959,1957-03-01,1958-04-09
19967,1957-03-01,1962-10-24
20001,1957-03-01,1970-11-18
20036,1957-03-01,1967-02-21
20053,1997-11-28,2007-12-31
20057,2020-11-17,2024-12-31
20079,1957-03-01,1991-05-21
20095,1957-03-01,1976-12-08
20108,1957-03-01,1957-06-19
20124,1957-03-01,2003-03-28
20167,1957-03-01,1980-01-16
20190,2023-09-18,2024-12-31
20191,2020-12-15,2020-12-18
20204,1957-03-01,2004-12-17
20220,1976-01-15,2010-03-12
20239,1957-03-01,1983-11-30
20263,1957-03-01,1985-05-08
20298,1957-03-01,1964-05-13
20343,1968-07-18,1988-04-13
20386,1957-03-01,1984-05-16
20391,2024-11-26,2024-12-31
20394,1973-03-01,1996-09-30
20407,1957-03-01,1983-08-31
20415,1961-09-06,1963-09-18
20415,1969-07-03,1976-06-30
20415,2007-08-27,2019-09-25
20431,1957-03-01,1969-07-02
20474,1966-10-13,1974-05-08
20482,1957-03-01,2024-12-31
20503,1957-06-19,1965-09-29
20511,1957-03-01,1965-01-13
20554,1957-03-01,1958-04-09
20562,1957-03-01,1995-03-15
20570,1957-03-01,1986-05-07
20626,1954-04-20,2017-08-31
20650,1957-03-01,1958-03-12
20677,1957-03-01,1987-09-09
20714,1957-03-01,1964-02-19
20730,1957-03-01,1995-11-24
20810,1957-03-01,1957-12-31
20853,1941-08-20,2000-10-20
20896,1957-08-21,1983-07-06
20909,1958-04-09,1986-10-01
20976,1957-03-01,1976-06-30
20984,1957-03-01,1991-01-09
20992,1958-04-09,1975-02-05
21004,1957-03-01,2000-06-30
21020,1944-06-07,2003-03-13
21020,2015-03-23,2024-09-20
21055,1957-03-01,1994-09-30
21119,1957-03-01,1987-05-06
21124,2021-06-03,2023-10-17
21151,1957-03-01,1960-12-14
21178,1957-03-01,1975-12-10
21178,1984-07-19,2024-12-31
21186,1957-03-01,2024-07-05
21194,1958-04-23,1976-06-30
21207,1969-05-15,2024-12-31
21223,1958-06-04,1959-12-16
21231,1957-03-01,1976-06-30
21266,1958-04-09,1967-07-19
21274,1967-04-27,1994-04-15
21282,1973-03-01,1976-06-30
21290,1957-03-01,1964-01-29
21290,1987-03-05,1989-06-28
21303,1957-03-01,1984-07-18
21338,1964-01-23,1973-11-14
21346,1957-03-01,1978-10-04
21370,1945-03-01,1976-06-30
21371,1997-05-27,2024-12-31
21397,1970-04-23,2000-06-16
21418,1957-03-01,1968-09-10
21426,1957-03-01,1961-12-06
21434,1957-03-01,1968-09-10
21450,1981-10-15,1987-07-01
21469,1958-06-04,1966-12-14
21485,1976-01-15,1989-07-26
21514,1957-03-01,1999-10-25
21522,1957-03-01,1986-10-22
21530,1957-03-01,1970-04-22
21549,1957-03-01,1963-09-04
21557,1957-03-01,1987-06-24
21573,1925-12-31,2024-12-31
21645,1957-03-01,1965-02-12
21688,1957-03-01,1959-02-25
21709,1961-01-11,1984-10-03
21768,1957-03-01,1984-06-20
21776,1944-06-07,2024-12-31
21784,1957-03-01,1960-04-20
21792,1985-07-25,2024-12-31
21821,1957-03-01,2000-01-28
21872,1957-03-01,1957-08-21
21901,1957-03-01,1965-01-06
21928,1966-12-15,1976-06-30
21936,1957-03-01,2024-12-31
21979,1957-03-01,2009-09-08
21979,2011-11-23,2012-11-30
21995,1957-03-01,1958-06-04
21995,1978-11-24,1985-07-31
22007,1957-03-01,1979-05-02
22015,1957-03-01,1961-02-08
22023,1957-03-01,1992-07-02
22032,2004-12-20,2007-09-06
22066,1986-12-04,2001-11-30
22074,1957-03-01,1965-06-16
22082,1957-03-01,1997-06-18
22103,1965-01-07,2024-12-31
22111,1973-05-31,2024-12-31
22138,1970-03-05,1976-06-30
22170,1957-08-21,1959-03-25
22170,1987-07-02,1988-06-15
22189,1970-08-13,1976-06-30
22218,1958-06-04,1966-12-14
22218,1968-02-01,1976-06-30
22242,1957-03-01,1966-05-25
22250,1979-05-03,1995-05-26
22293,1957-03-01,2024-12-31
22306,1957-03-01,1965-10-13
22330,1957-03-01,1969-03-05
22365,1963-10-31,1965-03-03
22381,1957-03-01,1963-09-04
22402,1953-06-23,1972-02-18
22410,1958-06-04,1966-12-14
22410,1967-06-29,1980-11-05
22429,1957-03-01,1973-05-30
22461,1957-03-01,1970-04-22
22488,1957-03-01,1974-04-10
22496,1957-03-01,1976-06-30
22496,1999-06-22,2000-11-30
22509,1957-03-01,2024-12-31
22517,1995-11-27,2024-12-31
22533,1960-12-14,1979-07-25
22541,1957-03-01,1976-06-30
22541,1995-02-09,2001-11-06
22568,1969-08-07,1988-10-05
22592,1957-03-01,2024-12-31
22613,1966-12-15,1976-06-30
22613,1998-11-03,2000-08-18
22621,1957-03-01,1959-07-29
22623,2022-02-02,2024-12-31
22648,1957-03-01,1984-02-29
22680,1954-04-20,2000-06-28
22699,1957-03-01,1965-06-16
22728,1957-03-01,1985-11-13
22752,1957-03-01,2024-12-31
22753,1987-02-12,1998-04-07
22760,1957-03-01,1988-07-13
22779,1957-03-01,2024-12-31
22787,1957-03-01,1970-03-18
22808,1957-03-01,1968-01-17
22840,1981-09-10,2012-06-28
22859,1947-02-26,1976-06-30
22875,1957-03-01,1962-02-14
22891,1957-03-01,1976-12-08
22891,1982-06-17,1998-08-13
22920,1963-01-31,1973-02-28
22939,1968-09-12,1969-05-14
22947,1947-02-26,1976-06-30
22947,1994-10-25,2006-03-31
22976,2022-04-11,2024-12-31
23018,1957-03-01,1974-10-16
23026,1957-07-10,2024-12-31
23050,1957-03-01,1982-06-30
23077,1957-03-01,2013-06-06
23085,2009-01-02,2018-12-31
23114,1989-08-24,2012-06-29
23130,1953-06-22,1958-06-04
23130,1959-12-16,1980-12-10
23165,1957-03-01,1960-03-23
23173,1957-03-01,1957-12-04
23210,1947-07-16,1976-06-30
23229,1947-02-26,1976-06-30
23229,1999-05-03,2024-12-31
23237,1957-03-01,1970-12-16
23253,1962-02-01,1974-10-16
23253,1982-10-21,1990-08-13
23288,1963-03-14,1964-07-15
23296,1957-03-01,1967-05-17
23309,1970-04-23,2007-10-24
23317,1951-09-06,2001-11-29
23318,2000-11-24,2006-04-19
23325,1957-03-01,1984-11-21
23341,1957-03-01,1994-09-26
23384,1957-03-01,1965-03-03
23393,2015-12-29,2024-12-31
23421,1950-07-03,1988-05-11
23448,1957-03-01,1983-05-19
23456,1957-03-01,1968-01-17
23464,1957-03-01,1981-12-09
23473,1997-12-18,2024-12-31
23480,1968-01-04,1968-07-30
23499,1957-03-01,1983-11-30
23501,2007-11-09,2016-03-29
23528,1957-03-01,1969-03-26
23536,1958-02-19,1983-11-30
23536,2008-10-31,2024-12-31
23552,1963-01-17,1994-04-05
23568,2022-12-15,2022-12-16
23570,2023-01-04,2024-12-31
23579,1963-10-17,1970-04-22
23579,1978-10-05,2024-12-31
23587,1953-06-22,1972-09-27
23616,1960-02-03,1961-09-06
23660,2001-03-01,2024-12-31
23675,1953-06-22,1958-06-04
23683,1957-03-01,1975-06-11
23712,1948-07-07,2024-12-31
23720,1957-03-01,1976-06-30
23747,1957-03-01,1957-08-21
23800,1965-01-07,1976-12-08
23819,1957-03-01,2024-12-31
23851,1957-03-01,2000-06-15
23876,2023-08-25,2024-12-31
23878,1961-06-07,1968-04-03
23886,1957-03-01,1973-05-30
23887,2001-02-27,2017-03-17
23894,1957-03-01,1975-12-10
23907,1957-03-01,1964-02-19
23915,1964-02-20,2005-12-19
23931,1949-07-06,2024-12-31
23942,2023-07-03,2023-07-05
23944,2023-07-05,2023-07-05
23990,1982-09-16,2009-04-01
24002,1957-03-01,1976-06-30
24010,1957-03-01,2024-12-31
24037,1957-03-01,1982-01-13
24046,1997-09-02,2008-07-30
24053,2018-06-05,2024-12-31
24061,1951-09-06,1966-12-14
24088,1957-03-01,1976-06-30
24096,1957-03-01,1976-06-30
24109,1951-09-06,2024-12-31
24141,1957-03-01,1985-05-22
24174,2023-10-02,2024-12-31
24175,2023-10-02,2023-10-02
24176,1957-03-01,1966-10-05
24184,1957-03-01,2002-01-31
24192,1976-07-01,1994-10-24
24205,1976-07-01,2024-12-31
24221,1930-01-06,1931-11-16
24221,1957-03-01,2012-03-13
24264,1957-03-01,2002-07-19
24272,1989-08-03,2008-11-13
24328,1957-03-01,1976-06-30
24328,2008-12-19,2018-11-12
24328,2022-10-03,2024-12-31
24336,1957-03-01,1976-03-03
24360,2000-08-21,2007-08-24
24387,1960-02-24,1965-06-16
24459,1957-03-01,2017-02-28
24504,1957-03-01,1968-07-30
24539,1957-03-01,2001-08-02
24555,1957-03-01,1982-10-06
24563,1957-03-01,2007-10-09
24571,1957-03-01,1982-12-08
24619,1957-03-01,1960-12-14
24627,1954-06-07,1974-09-11
24627,1978-08-24,1982-12-29
24635,1957-03-01,1988-11-02
24643,1957-03-01,2024-12-31
24651,1968-06-13,1976-06-30
24678,1957-03-01,2000-06-20
24707,1957-03-01,1984-04-11
24715,1984-10-04,1995-03-30
24766,1985-06-13,2024-12-31
24803,1957-03-01,2004-12-02
24811,1957-03-01,2000-09-29
24854,1957-03-01,1978-04-12
24877,2024-04-01,2024-12-31
24878,2024-04-02,2024-12-31
24889,1962-02-07,1968-01-03
24942,1957-03-01,2020-04-03
24985,1966-12-15,1976-06-30
24985,1991-09-20,2024-12-31
24993,1957-03-01,1964-02-26
25005,1957-03-01,1996-09-27
25013,1957-03-01,2009-11-03
25022,1987-10-08,1993-12-10
25056,1957-03-01,1997-08-05
25072,1957-03-01,1976-06-30
25081,1995-12-01,2024-06-21
25099,2007-02-22,2015-06-30
25128,1957-03-01,1965-01-06
25136,1957-03-01,1958-02-19
25144,1966-12-15,1976-06-30
25146,2024-07-08,2024-12-31
25160,1985-02-07,1990-03-06
25179,1958-06-11,1961-01-11
25187,1957-03-01,1961-10-25
25195,1957-03-01,1976-09-22
25216,1979-07-26,1985-04-10
25232,1957-03-01,2001-08-29
25232,2010-03-15,2024-12-31
25267,1957-03-01,2002-07-19
25320,1957-03-01,2024-12-31
25339,1960-10-26,1966-01-05
25371,1957-03-01,1996-03-12
25419,1959-04-01,2024-03-15
25434,2024-09-30,2024-12-20
25478,1964-01-16,1987-08-19
25487,1995-05-01,2006-07-31
25507,1984-07-19,1986-07-23
25515,1963-09-19,1976-01-14
25574,1960-12-14,1984-02-29
25582,1957-03-01,1963-03-13
25582,1980-06-26,1999-11-05
25582,2008-09-22,2024-12-31
25590,1972-09-28,1976-06-30
25611,1957-03-01,1966-10-05
25611,1984-06-28,1985-12-11
25646,1957-03-01,1967-07-12
25646,1988-02-11,1994-09-26
25662,1957-03-01,1982-09-15
25670,1959-05-27,1960-12-14
25689,1957-03-01,1972-09-20
25697,1957-03-01,1974-10-16
25697,1977-03-03,1982-03-10
25718,1963-03-14,1982-04-07
25742,1960-04-20,1960-12-28
25769,1984-10-04,2006-08-10
25778,1987-07-09,2018-11-05
25785,1957-03-01,2024-12-31
25873,1965-11-04,1984-10-24
25902,1965-01-07,1973-05-30
25910,1960-12-28,1994-06-30
25953,1985-10-24,2024-12-31
25988,1967-05-18,1985-11-20
26075,1966-09-29,2000-11-01
26112,1968-02-01,2005-08-18
26120,1963-01-17,1983-03-09
26155,1966-06-23,1976-03-17
26286,1976-09-23,1989-08-02
26294,1959-03-25,1974-10-16
26294,1978-10-05,1994-03-17
26307,1979-01-11,1979-12-26
26323,1959-07-29,1967-05-17
26332,2001-04-02,2004-02-26
26366,1958-04-09,1976-05-05
26382,1980-01-17,2000-12-21
26382,2008-06-23,2011-06-01
26390,1979-02-08,1989-07-26
26403,1976-07-01,2024-12-31
26438,1964-01-30,2000-12-11
26446,1959-05-27,1970-10-28
26462,1970-04-23,1977-03-30
26497,1976-07-01,1982-09-08
26518,1986-05-08,2007-10-26
26534,1971-08-19,1982-12-31
26542,1978-10-05,1996-12-11
26550,1976-07-01,1996-03-29
26569,1969-05-29,1978-12-13
26622,1963-08-29,1989-05-10
26649,1968-08-08,1989-08-02
26657,1958-12-10,2000-08-29
26681,1980-04-24,1995-11-02
26710,1995-05-10,2024-12-31
26729,1965-10-14,1997-07-31
26737,1962-10-18,1976-06-30
26737,1997-01-02,1999-09-28
26788,1966-12-15,1983-10-19
26825,1961-04-26,2024-12-31
26884,1986-05-08,1999-03-24
26921,1960-12-28,1963-03-13
26921,1968-09-12,1981-02-25
27000,1965-06-17,1976-06-30
27027,1960-12-14,1988-11-09
27043,1966-10-06,1974-10-16
27043,2007-02-12,2021-04-19
27051,1967-04-13,1999-04-01
27086,1967-07-13,1990-12-28
27087,1991-01-10,1994-09-29
27115,1965-06-17,1997-07-01
27158,1960-07-13,1970-04-22
27174,1965-01-14,1984-10-24
27182,1961-02-08,1965-06-16
27190,1972-09-14,1985-11-20
27238,1968-09-12,1975-12-10
27263,1990-12-31,1998-04-28
27297,1965-06-17,1983-08-10
27342,1965-10-21,1981-08-12
27422,2009-12-21,2014-04-01
27430,1990-05-25,2006-07-17
27465,1961-02-08,1972-09-13
27473,1960-06-22,1988-02-10
27510,1961-08-16,1981-09-09
27537,1960-12-14,1967-07-26
27561,1925-12-31,1966-12-14
27596,1968-01-18,1997-11-26
27617,1961-12-06,1964-02-19
27633,1982-12-30,2017-06-16
27713,1974-10-17,2008-11-21
27748,1971-06-24,1972-09-27
27749,1982-08-12,1991-10-31
27756,2006-12-01,2010-06-30
27764,1989-12-18,1997-10-06
27828,1974-10-17,2024-12-31
27836,1961-08-09,1974-05-08
27852,1967-05-18,1973-02-28
27879,1967-05-18,1973-02-28
27887,1972-09-14,2024-12-31
27916,1961-08-02,1968-05-22
27924,1968-05-23,1991-11-22
27940,1966-12-15,1989-04-26
27959,1976-07-01,2024-12-31
27983,1963-09-05,2021-03-19
27991,1999-10-04,2024-12-31
28003,1961-09-20,1978-04-12
28089,1968-04-04,1970-04-22
28118,1962-04-25,2000-06-02
28134,1962-01-10,1987-04-08
28169,1976-12-09,1979-07-25
28177,1965-06-17,1973-05-30
28222,1985-04-11,2024-12-31
28265,1965-06-17,1973-05-30
28281,1957-03-01,1961-12-06
28310,1961-12-06,2002-07-19
28345,2005-08-15,2017-07-25
28353,1963-12-05,2001-12-12
28388,2005-08-12,2023-01-04
28433,1981-12-10,1987-03-04
28484,1957-03-01,1976-06-30
28484,1984-05-17,2024-12-31
28505,1967-05-18,1987-02-11
28513,1957-03-01,1969-05-14
28548,1962-10-25,1987-10-07
28580,1963-09-05,1984-06-27
28804,2016-05-13,2023-12-15
28847,1986-12-18,2002-05-14
28994,1968-08-22,1970-06-24
29102,2000-10-18,2015-03-20
29196,1989-01-05,1997-08-06
29911,1966-05-19,1980-11-19
29946,1982-10-14,2024-12-31
29962,1968-08-01,1970-03-18
29962,1983-08-11,1988-04-13
30067,1984-08-16,1998-08-27
30330,1966-10-06,1996-02-09
30365,1977-05-19,1985-01-30
30382,1998-07-16,2007-07-06
30681,1997-12-24,2024-12-31
30912,1988-12-22,1990-10-05
30940,2008-10-02,2021-03-19
31536,1973-11-15,1998-07-09
31659,1976-07-01,1989-04-05
31763,1967-07-20,1984-08-08
32141,1970-04-23,1978-10-04
32205,1987-08-06,1998-07-15
32379,1991-11-25,2005-07-01
32475,1978-12-14,1993-11-22
32563,1989-09-21,1999-06-08
32707,1988-02-11,1999-12-30
32707,2010-03-01,2020-05-21
32791,2005-07-22,2009-02-25
32803,2018-06-18,2021-06-03
32870,2009-03-04,2024-12-31
32942,2023-10-18,2024-12-31
32986,2019-02-15,2024-12-31
33056,1976-07-01,1982-04-07
33312,1970-04-23,1989-03-07
33312,1997-07-17,1998-12-31
33785,1985-09-05,1996-04-22
33814,1969-01-09,1997-10-22
33873,1968-09-12,1981-02-25
34024,1968-11-07,1983-09-07
34032,1981-06-18,2024-12-31
34040,1966-05-19,1996-09-05
34147,1980-11-20,1995-06-30
34550,1966-05-26,1970-04-22
34746,1996-03-08,2024-12-31
34817,1985-04-18,2024-12-31
34833,1982-12-09,2024-12-31
34841,1987-12-10,1996-08-15
35044,1998-08-28,2024-12-31
35051,1987-12-31,2015-08-28
35166,1975-08-14,1985-10-23
35211,1983-03-10,1998-12-30
35238,1990-08-14,2000-03-31
35554,2004-02-27,2024-12-31
36003,2018-10-01,2024-12-31
36127,1999-01-04,2001-02-26
36397,2002-05-06,2013-06-21
36468,1964-05-14,2024-12-31
36469,1989-02-09,2008-12-31
36505,1979-07-26,1985-09-25
36978,1982-10-07,1998-11-17
37065,1986-10-09,1987-10-07
37102,1985-09-26,1994-06-06
37161,2001-10-10,2016-06-30
37284,2007-09-27,2018-09-28
37584,1998-04-29,2024-12-31
38041,1975-08-14,1983-02-02
38093,2016-05-31,2024-12-31
38156,1975-02-06,2024-12-31
38280,1986-07-24,1990-06-07
38324,1970-03-19,1982-10-13
38404,1962-09-27,1966-05-18
38455,1970-06-25,1980-06-25
38551,1975-10-16,1989-08-02
38578,1974-10-17,2004-08-02
38682,1984-07-19,2012-12-11
38703,1976-07-01,2024-12-31
38762,2000-11-02,2024-12-31
38850,1974-05-09,1995-07-28
38885,1974-05-09,1979-05-02
38893,1985-05-23,2001-01-29
38914,1965-01-07,1968-08-20
38914,1969-05-22,2001-03-30
38930,1970-04-23,1974-06-19
38973,1963-03-25,1998-01-29
39087,1972-09-28,1983-11-30
39087,1989-07-27,2013-07-08
39140,1982-10-07,1989-04-26
39263,1963-06-13,1973-02-28
39271,1968-09-12,1984-12-26
39300,1988-05-12,1990-05-24
39335,1972-09-28,1983-11-30
39394,1982-06-03,1986-12-17
39458,1968-09-12,1979-02-07
39490,1997-07-28,2024-12-31
39538,1972-09-21,1975-03-05
39538,1982-03-11,2019-06-06
39626,1964-02-27,1980-04-23
39642,1972-09-14,2024-12-31
39669,1970-04-23,1990-02-07
39765,1973-03-01,1996-03-07
39896,1969-03-06,1981-12-09
39917,1963-12-05,2024-12-31
39992,1966-06-02,1982-08-18
40010,1964-01-30,1985-09-25
40053,1976-01-15,1988-06-08
40061,1967-02-23,2007-11-15
40125,1981-05-14,2015-11-30
40125,2017-04-04,2023-10-02
40141,1975-12-11,1986-05-07
40221,1975-03-06,1991-05-06
40272,1976-03-04,2024-12-31
40301,1964-09-03,1987-12-30
40352,1973-08-02,1991-02-12
40416,1967-05-18,2015-03-20
40432,1968-07-18,1971-03-03
40483,1964-04-23,2001-01-12
40484,1997-10-23,1999-01-12
40539,1985-09-26,2024-12-31
40635,1965-12-16,1995-01-31
40723,1967-07-27,1985-02-06
40758,1964-07-16,1968-07-16
40790,1965-03-04,1980-10-01
40838,1981-09-10,2001-06-27
40854,1967-07-20,1985-07-31
41080,1965-01-07,2024-12-31
41081,1989-06-01,1995-11-30
41160,1970-10-29,1977-03-02
41179,1990-03-07,1999-07-30
41355,1985-11-07,2024-12-31
41427,1978-05-11,1989-04-05
41443,1994-12-21,2007-11-16
41478,1976-05-06,1981-04-01
41486,1974-05-09,1988-10-26
41515,1965-02-15,1970-04-22
41523,1981-05-14,1986-02-12
41662,1975-12-11,1986-12-17
41718,1976-07-01,1996-03-29
41785,1968-05-09,1974-02-20
41929,1976-07-01,1996-12-02
41953,1965-06-17,1975-02-05
42024,1970-04-23,2008-06-20
42075,1968-07-25,1975-12-10
42083,1971-03-04,2006-11-16
42091,1973-05-31,1975-08-13
42104,1989-07-20,2000-05-09
42200,1985-05-09,2024-12-31
42235,1975-08-14,1978-10-25
42323,1965-11-04,1973-06-20
42462,1986-05-08,1986-08-06
42526,1972-09-14,1985-01-30
42534,1986-05-08,2016-09-02
42550,1987-02-26,1994-03-10
42569,1967-08-31,1970-04-22
42585,2008-11-06,2024-12-31
42606,1968-04-04,1992-07-02
42657,1977-01-20,1979-10-10
42753,1987-12-31,1990-08-22
42796,1968-05-23,2011-01-03
42833,1989-03-16,1999-11-29
42877,2015-07-01,2024-12-31
42906,1997-08-06,2024-12-31
42999,1985-12-12,1986-08-20
43094,1968-01-18,1969-01-15
43123,1978-10-26,2015-07-01
43132,1980-10-02,1984-02-29
43203,1968-08-08,1979-02-07
43298,1987-09-10,1988-05-25
43318,1982-09-09,1987-07-08
43342,1985-11-14,1995-04-28
43350,1982-09-16,2024-12-31
43449,1970-06-25,2024-12-31
43502,1976-03-18,1981-05-13
43510,1972-09-21,1984-09-12
43553,1979-05-03,2024-04-02
43609,1967-07-20,1979-02-07
43610,2001-09-21,2002-07-16
43633,1968-08-22,1969-05-21
43772,1978-07-20,2014-12-04
43772,2019-06-07,2019-06-10
43916,1975-10-16,1998-06-11
44062,1967-06-29,2000-12-11
44206,2009-03-17,2024-12-31
44273,1976-01-15,1984-11-21
44329,2019-01-18,2024-12-31
44505,1968-01-18,1982-08-11
44601,1987-12-24,2024-12-31
44644,1981-02-26,2024-12-31
44652,1979-07-30,1999-06-23
44792,1984-11-08,1997-07-25
44951,1985-01-31,2012-04-30
45014,1971-12-09,1989-12-20
45065,1978-04-13,1985-12-11
45081,1967-11-09,1982-06-16
45225,1968-08-01,1972-09-20
45241,2000-11-22,2014-06-30
45277,2001-09-04,2014-06-20
45356,1989-07-27,2009-03-16
45356,2010-08-27,2024-12-31
45428,1970-04-23,1986-01-29
45495,1985-01-10,2014-08-18
45604,1968-01-18,1970-04-22
45604,1981-09-10,1989-10-04
45620,1968-01-16,1978-03-01
45663,1968-07-25,1978-05-10
45671,1981-02-26,2006-02-24
45751,1987-08-06,2024-12-31
45794,2006-10-02,2010-08-26
45911,2015-03-12,2024-12-31
45970,1982-03-11,1995-12-19
46201,1973-11-15,1977-06-29
46228,1972-01-20,1989-08-23
46252,1968-12-12,1981-09-09
46288,1990-09-20,1993-10-13
46295,1974-05-09,2000-01-28
46391,1972-09-28,1976-06-30
46391,1983-10-20,1985-07-24
46447,1971-08-19,1983-09-14
46544,1987-05-07,1989-09-20
46578,1969-01-16,2024-12-31
46594,1982-11-11,1997-06-17
46615,1982-08-19,1988-07-13
46658,1976-07-01,1995-05-09
46674,1973-11-15,2024-12-31
46682,1968-08-22,1983-12-28
46703,1970-06-25,1993-10-11
46703,2007-03-20,2024-12-31
46754,1979-02-08,1989-10-25
46850,1976-07-01,2000-12-13
46877,1975-06-12,2018-01-02
46886,1997-09-15,2024-12-31
46922,1975-12-11,2000-07-26
47028,1989-03-02,1995-02-23
47052,1972-09-28,1983-11-30
47079,1976-07-01,1998-10-07
47159,1988-11-10,2004-03-31
47175,1989-05-11,2008-03-28
47271,1987-12-10,1997-12-23
47300,1976-07-01,1993-12-30
47386,1969-03-27,1972-09-20
47466,1984-11-23,2010-12-17
47482,1970-06-25,1971-07-14
47490,1984-11-23,2000-12-11
47562,1970-03-19,1976-06-30
47626,1976-07-01,1994-03-01
47837,1988-05-05,1989-08-23
47896,1976-07-01,2024-12-31
47941,1975-12-11,2017-06-01
47992,1986-06-05,1997-12-03
48071,1976-07-01,2000-12-29
48119,1974-10-17,1976-10-20
48223,1976-07-01,1991-12-31
48258,1970-12-17,1976-06-30
48267,1995-12-13,2014-05-07
48274,1989-08-03,2011-12-12
48354,1976-07-01,1999-06-03
48397,1976-07-01,2001-08-29
48434,1972-09-21,1982-08-18
48485,1976-07-01,2006-03-31
48486,2012-06-05,2024-12-31
48506,1979-12-27,2024-12-31
48514,1988-02-11,2000-06-28
48549,1970-04-23,1985-01-09
48565,1974-06-20,1991-04-16
48653,1979-02-08,1993-03-05
48653,1995-12-01,2024-12-31
48725,1969-07-16,2024-12-31
48960,1975-12-11,2006-06-27
49015,1976-07-01,2023-09-15
49154,1976-12-09,2024-12-31
49373,1986-11-28,2020-09-18
49429,1986-10-02,2008-10-21
49592,1970-03-19,1976-06-30
49606,1985-08-01,1990-03-02
49656,1995-03-31,2024-12-31
49680,1973-05-31,1975-08-13
49680,1998-11-18,2024-12-31
49744,1970-04-23,2001-07-06
49905,1984-10-25,2008-12-01
49920,1971-07-15,1982-03-03
49955,1971-06-24,1978-10-04
50017,2007-12-21,2018-06-15
50024,1987-04-23,1998-11-02
50032,1984-11-23,2006-06-01
50156,1986-09-18,1995-07-03
50200,1993-10-01,2001-08-31
50227,1970-03-05,2010-02-12
50403,1973-05-31,1975-08-13
50404,1982-06-24,1998-09-14
50534,1974-02-21,1980-12-17
50681,1973-05-31,1976-06-30
50737,1987-03-26,1988-03-02
50876,1970-11-19,2024-12-31
50905,1989-10-26,1998-03-31
50906,1999-08-02,2007-06-29
50956,1976-07-01,1998-04-24
51027,1973-05-31,1976-06-30
51043,1988-08-11,2008-09-10
51263,2007-11-16,2009-08-31
51369,1999-11-15,2013-12-20
51369,2020-09-21,2024-12-31
51377,1976-12-09,2011-09-23
51561,1979-02-08,1989-03-15
51588,1998-01-28,2001-02-28
51596,2000-12-12,2007-05-30
51625,1986-12-18,2000-03-15
51706,2002-02-11,2011-07-05
51772,1976-07-01,1999-09-30
51799,1971-01-14,1981-05-13
51801,1973-05-31,1976-06-30
52038,1986-12-18,2024-12-31
52062,1984-04-12,1986-12-03
52070,1981-06-25,1984-10-24
52090,2003-03-21,2024-12-31
52230,2000-12-05,2024-06-21
52329,2007-10-26,2024-12-31
52337,1979-02-08,2016-04-15
52476,1997-06-19,2024-12-31
52505,1988-06-09,1995-12-29
52564,1979-05-03,1985-09-04
52695,1981-05-14,2024-12-31
52708,2005-10-04,2024-12-31
52821,1998-02-23,1999-09-17
52919,1982-04-08,2008-12-31
52978,1984-09-13,2024-12-31
53065,1992-10-30,2024-12-31
53081,1976-07-01,1997-06-10
53225,2007-12-31,2014-09-19
53401,1987-06-25,1996-10-15
53479,1988-06-09,2006-09-29
53612,1985-11-21,2001-06-29
53613,1994-09-27,2024-12-31
53786,1975-08-14,1999-07-30
53831,1977-03-31,2009-08-18
53858,1976-07-01,1995-11-30
53866,2001-08-06,2015-07-08
53903,1976-07-01,1987-04-22
53938,1995-07-05,1999-12-31
54009,1972-02-22,1972-09-27
54148,1984-04-12,2024-12-31
54181,1988-07-14,2010-07-14
54447,1986-07-17,1990-09-19
54463,1999-06-04,2000-11-03
54615,1976-07-01,1982-11-10
54690,2000-11-17,2006-04-07
54754,1985-09-26,1988-08-10
54827,1999-12-01,2013-12-09
55079,1990-06-08,1995-12-19
55212,1983-02-03,1995-07-12
55351,1984-02-16,1987-12-09
55386,1975-08-14,1982-03-10
55685,1978-04-13,1981-05-13
55976,1982-08-19,2024-12-31
56012,1976-03-04,1977-11-16
56098,1976-07-01,1978-11-22
56186,1983-02-03,1984-10-03
56223,1974-10-17,2006-11-09
56232,1994-09-27,2008-12-31
56266,1973-05-31,1998-09-30
56274,1983-09-01,2024-12-31
56450,1987-04-23,1998-10-01
56485,1973-05-31,1987-04-08
56573,1986-02-13,2024-12-31
56805,1976-07-01,1987-04-22
56864,1973-06-21,1976-06-30
56864,1982-06-17,1987-12-30
57234,1985-12-12,1987-12-23
57250,1976-07-01,1984-10-03
57381,1981-08-13,1998-07-16
57488,1975-02-06,1985-10-23
57568,1984-10-04,2024-12-31
57592,1981-06-25,1999-10-12
57665,1988-11-03,2024-12-31
57779,1974-09-12,1975-12-26
57809,2022-02-15,2024-12-31
57817,1986-08-07,2020-06-19
57904,1999-05-28,2024-12-31
58085,1981-12-10,1988-02-10
58093,1984-10-25,1987-04-22
58094,2002-07-17,2006-11-30
58246,1998-01-30,2024-12-31
58296,1975-02-06,1995-10-20
58318,2006-12-20,2008-11-05
58413,2016-02-01,2024-12-31
58464,1981-10-29,1984-11-07
58472,1991-04-17,1994-01-17
58480,1985-10-10,1996-12-18
58596,1984-08-09,1989-11-30
58640,1980-11-20,2002-07-19
58659,1975-12-29,1976-06-30
58683,1994-07-13,2024-12-31
58819,2016-07-01,2024-12-31
58827,1976-07-01,1998-09-30
58990,1978-05-04,2007-12-13
59010,1986-08-21,2022-02-02
59176,1976-07-01,2024-12-31
59184,1976-07-01,2008-11-18
59192,1976-07-01,2016-01-15
59205,1977-11-17,1989-03-01
59221,1976-07-01,1982-04-07
59248,1976-07-01,2024-12-31
59300,2016-03-07,2024-12-31
59328,1976-12-09,2024-12-31
59345,1999-12-02,2001-03-30
59379,1976-07-01,2007-06-29
59408,1976-07-01,2024-12-31
59416,1976-07-01,1985-05-15
59432,1976-07-01,1998-01-27
59440,1976-07-01,2008-09-22
59459,1976-07-01,2024-12-31
59467,1976-10-21,1993-06-30
59483,1976-07-01,1996-10-31
59707,1981-06-25,1991-04-01
59811,1981-04-02,1984-05-02
59926,1986-06-12,1998-09-25
60046,1986-10-23,1997-09-12
60097,1986-10-23,2024-12-31
60206,1982-09-16,2024-12-31
60337,1984-12-27,1989-08-23
60441,1997-08-07,2000-05-31
60442,1988-04-14,2024-12-31
60506,1980-10-02,2024-12-31
60572,1980-12-18,1984-11-21
60599,1999-03-25,2023-03-17
60628,1980-11-06,2024-12-31
60839,1988-04-14,1992-04-22
60871,1999-10-12,2024-12-31
60900,1984-03-01,1988-02-10
60943,1999-10-18,2021-12-17
60986,1989-04-27,2023-09-15
61065,1983-09-08,2005-07-21
61241,1984-06-21,2013-09-20
61241,2017-03-20,2024-12-31
61284,1984-10-04,1998-01-09
61399,1984-03-01,2024-12-31
61516,2020-06-22,2024-09-20
61583,1986-05-08,2000-11-22
61621,1998-10-01,2024-12-31
61663,1999-09-20,2001-09-20
61735,1996-04-23,2024-12-31
61743,1986-04-24,2004-12-17
61794,1980-06-17,1986-04-02
61815,2007-10-08,2020-10-09
61890,1980-04-10,1986-10-22
61970,1980-09-29,1988-12-07
62092,1997-01-02,2024-12-31
62148,1980-11-06,2024-12-31
62164,1985-05-09,1996-03-27
62252,1988-04-14,1998-12-21
62308,1989-04-27,2024-12-31
62324,1987-08-20,1999-05-27
62498,2020-05-22,2024-12-31
62519,2007-01-04,2009-12-22
62770,1999-03-10,2006-11-03
62834,1983-07-07,2006-06-05
63060,1982-03-04,2008-09-29
63096,1993-10-14,1999-10-01
63108,1983-12-29,1989-07-19
63255,1981-07-06,1985-09-11
63467,2021-09-20,2024-12-31
63765,2008-06-06,2017-04-03
63802,1986-01-09,1989-05-31
63830,2007-06-01,2016-01-29
63845,1988-10-06,1997-01-14
64020,1985-05-16,1996-12-31
64064,1985-09-12,1993-10-21
64186,1982-04-08,2024-12-31
64207,1984-05-03,1989-09-13
64282,1983-09-15,2024-09-30
64311,1982-06-03,2024-12-31
64346,1988-06-16,1999-08-12
64390,1997-08-04,2024-12-31
64451,2004-12-20,2007-10-05
64477,1985-11-21,1995-03-31
64531,1998-08-31,1999-06-30
64565,1997-06-18,2008-06-30
64629,1983-01-03,2003-08-19
64653,2005-08-19,2024-12-31
64856,1990-12-12,2001-06-22
64936,1983-05-20,2024-12-31
64995,1994-03-02,2024-12-31
65066,1987-10-08,1998-03-31
65138,1988-04-28,2004-06-30
65330,2006-04-24,2016-12-01
65402,2017-07-26,2024-12-31
65541,2016-09-23,2024-12-31
65568,1990-03-05,1998-01-16
65787,1986-01-30,2007-12-20
65816,1980-08-28,1992-08-19
65859,1983-12-01,1999-10-08
65875,1983-12-01,2024-12-31
65883,1983-12-01,2007-01-03
65947,2009-01-30,2024-12-31
66018,1983-12-01,1997-08-14
66026,1983-12-01,1997-03-31
66069,1983-12-29,1995-09-21
66093,1983-12-01,2024-12-31
66114,1986-12-18,2007-12-28
66122,1983-12-01,2000-07-05
66157,1995-10-23,2024-12-31
66181,1988-03-03,2024-12-31
66325,1998-07-01,2014-04-30
66384,2009-07-01,2024-12-31
66800,1980-02-14,2024-12-31
67467,1998-01-20,2013-02-13
67571,1996-03-13,1998-06-30
67598,2008-03-31,2024-12-31
68049,1989-09-14,1996-12-31
68144,1988-05-05,2019-12-06
68304,1998-07-01,2008-05-30
68347,1988-02-25,2002-05-03
68523,1962-02-14,1966-10-12
68591,1989-12-01,2017-01-04
68857,2010-12-20,2016-06-23
69024,1986-04-03,1989-01-11
69032,1995-09-22,2024-12-31
69550,2004-04-23,2020-11-16
69607,1996-08-16,2000-11-21
69649,2017-03-20,2024-12-31
69796,2005-07-05,2024-12-31
70033,2000-01-31,2020-06-19
70092,1989-03-08,2009-12-18
70229,1984-10-25,2000-06-07
70308,2009-09-09,2016-05-20
70332,1997-07-28,2019-08-08
70376,1985-01-31,1996-12-31
70500,1998-10-08,2016-05-27
70519,1988-05-26,2024-12-31
70536,1994-09-21,2015-11-18
70578,1989-01-12,2024-12-31
71001,1989-04-06,1996-05-30
71175,1994-03-11,2021-09-17
71298,1993-11-15,2002-07-19
71563,1997-12-04,2024-12-31
71686,1999-03-01,2004-10-29
71765,1987-07-09,1997-05-23
71889,1988-12-08,1990-08-31
71984,1995-05-30,1999-09-30
72726,1997-08-15,2024-12-31
73139,2000-12-12,2024-12-31
73940,2000-12-11,2007-01-09
74617,1984-03-01,1997-08-29
75030,1985-08-01,1999-03-09
75034,1987-04-09,2024-12-31
75100,2000-06-21,2021-01-06
75107,2018-05-31,2022-12-21
75154,1998-12-22,2024-12-31
75175,1996-12-03,2009-12-18
75181,1987-08-20,2002-07-19
75186,1997-06-02,2024-12-31
75224,2006-02-01,2017-03-15
75241,2008-09-24,2024-05-07
75257,1995-07-03,2011-12-20
75333,1993-11-23,2006-03-31
75341,2017-07-26,2022-09-30
75423,1988-10-27,1999-02-26
75489,1998-10-07,2017-09-15
75510,1997-05-06,2024-12-31
75573,1999-06-24,2010-12-17
75577,2000-04-18,2015-12-28
75591,2019-08-09,2024-12-31
75592,2002-01-17,2016-02-19
75607,2003-03-31,2024-12-31
75625,1995-05-22,2001-08-03
75646,1992-02-10,2015-03-20
75647,1989-06-29,1999-06-21
75694,2021-08-30,2024-12-31
75789,1992-01-02,2008-09-10
75819,2009-03-04,2024-12-31
75825,2000-11-02,2024-12-31
75828,2002-07-22,2024-12-31
75857,1998-12-31,2007-10-01
75912,1997-04-01,2006-12-29
75912,2021-04-20,2024-12-31
76070,1992-07-06,1997-07-16
76076,1993-12-31,2024-12-31
76082,2008-06-23,2024-12-31
76090,1990-02-08,2008-01-28
76095,2016-03-30,2024-12-31
76122,1990-12-05,1997-07-25
76129,1996-01-02,2000-07-27
76149,1998-11-13,2015-01-26
76171,1993-09-01,2006-11-17
76185,2020-06-22,2024-12-31
76201,1999-11-08,2022-02-14
76226,1994-09-30,2024-12-31
76230,2021-01-21,2024-12-31
76240,2002-05-15,2010-04-29
76282,2003-02-24,2017-08-07
76285,1990-09-04,1991-12-31
76512,1995-04-03,1999-12-07
76557,1992-04-23,2005-12-30
76563,1998-07-10,1999-05-27
76565,2001-11-07,2007-03-01
76597,1998-09-15,2000-12-11
76605,1997-01-02,2024-12-31
76608,1991-04-02,1995-02-08
76614,2013-05-01,2024-12-31
76619,2005-08-30,2013-05-08
76624,2001-08-03,2007-06-29
76625,2008-11-17,2011-10-14
76638,2001-12-17,2009-03-03
76639,2008-01-02,2019-09-20
76644,1991-05-07,2014-07-01
76656,2000-06-16,2007-05-31
76708,2009-06-09,2012-09-28
76709,2017-01-05,2024-12-31
76712,1998-10-02,2024-12-31
76744,2013-09-23,2024-12-31
76754,1996-02-12,1998-08-28
76757,2000-12-11,2008-06-10
76795,2019-12-23,2024-12-31
76804,1996-07-19,2008-10-30
76841,2003-11-13,2024-12-31
76887,1999-08-02,2008-12-04
77037,2019-12-09,2024-12-31
77063,1998-09-28,2007-11-08
77129,2006-04-03,2024-12-31
77150,2004-08-03,2006-11-09
77157,1997-08-01,2000-12-08
77157,2009-01-02,2016-12-01
77173,2000-12-12,2002-08-20
77178,1999-07-22,2024-12-31
77182,2011-12-19,2021-09-17
77274,2004-07-01,2024-12-31
77281,2006-01-03,2017-08-28
77284,1998-04-01,2005-08-12
77338,2009-12-23,2024-12-31
77357,2017-03-16,2024-12-31
77418,1999-01-04,2018-06-19
77462,1995-12-01,2020-04-03
77481,1999-10-26,2012-05-24
77496,2013-12-23,2024-12-31
77546,1994-09-27,2007-09-24
77605,1995-02-24,2024-12-31
77606,1998-08-14,2020-09-18
77644,1996-04-01,2000-01-05
77649,2019-12-23,2024-12-31
77659,1999-10-01,2017-07-25
77661,2005-07-05,2024-12-31
77668,2003-09-26,2018-12-21
77702,2000-06-08,2024-12-31
77730,2005-08-11,2024-12-31
77768,1992-07-06,2018-10-30
77976,2008-12-23,2011-02-28
78034,2005-10-11,2018-03-16
78083,1998-10-02,2004-12-28
78139,1999-01-04,2011-12-30
78263,1998-10-01,2004-06-30
78788,1996-08-16,1997-12-17
78840,2006-12-01,2008-08-20
78877,2006-03-03,2018-03-16
78916,1999-04-12,2020-05-11
78927,2007-03-23,2009-03-27
78946,1993-07-13,1997-05-30
78968,1990-10-08,1997-08-01
78975,2000-12-11,2024-12-31
78987,2007-09-07,2024-12-31
79041,1993-03-08,1993-08-31
79057,2002-01-30,2008-07-17
79057,2010-07-15,2024-12-31
79089,2012-04-04,2016-01-04
79094,2001-01-30,2014-11-04
79094,2023-12-18,2024-12-31
79103,2009-03-27,2024-12-31
79108,2000-06-21,2007-06-29
79119,1994-04-18,1996-07-18
79129,2007-07-02,2008-11-12
79129,2013-12-10,2018-08-27
79145,2014-12-05,2024-12-31
79212,2004-12-29,2010-06-25
79237,1999-12-31,2008-12-18
79237,2013-10-29,2017-07-25
79250,1992-07-06,1998-10-01
79265,2009-01-02,2021-05-13
79323,1995-07-13,2024-12-31
79411,2012-10-05,2015-03-11
79452,2022-04-04,2024-12-31
79545,2011-12-19,2024-12-31
79547,2001-12-03,2024-12-31
79588,2014-03-24,2016-03-04
79637,2014-09-22,2024-12-31
79678,2015-08-31,2023-10-17
79686,2024-03-18,2024-12-31
79698,2017-04-05,2024-12-31
79718,2000-06-29,2006-01-03
79764,1993-10-12,1998-05-20
79782,2017-03-02,2024-12-31
79785,2019-09-26,2024-12-31
79879,2000-07-27,2013-12-20
79881,2010-02-08,2017-03-17
79906,2017-02-28,2024-12-31
79915,2010-12-20,2019-02-14
79973,1998-04-27,2006-07-31
80055,2000-04-03,2005-07-01
80080,1994-01-04,2024-12-31
80094,1994-04-06,1999-06-29
80100,2002-06-26,2024-12-31
80183,2016-12-02,2024-12-31
80191,2016-07-01,2024-12-31
80204,2014-07-02,2024-12-31
80266,2000-12-12,2011-01-14
80286,2014-01-24,2024-12-31
80303,2008-07-01,2011-12-16
80320,2018-07-02,2024-12-31
80381,2007-01-10,2024-12-31
80399,2013-05-09,2019-12-20
80406,2003-07-17,2011-06-02
80410,1994-03-18,1998-08-10
80411,1976-07-01,1979-02-28
80470,1999-11-16,2003-09-25
80506,1998-06-12,1999-06-24
80515,2002-02-01,2003-02-21
80539,2018-03-19,2019-10-02
80563,2021-03-22,2022-09-16
80599,1998-01-12,2008-09-16
80678,1996-01-22,1999-11-12
80681,2014-04-02,2024-12-31
80694,1994-10-03,1997-05-05
80711,2003-03-14,2020-12-18
80913,2004-04-02,2010-02-05
81045,2015-04-07,2024-12-31
81055,1998-07-01,2024-12-31
81061,1999-01-13,2024-12-31
81126,1996-12-19,2006-04-21
81138,2002-05-15,2013-06-28
81193,1995-02-01,2000-06-12
81262,2004-03-25,2007-03-22
81285,2002-05-13,2008-06-05
81481,2011-12-19,2024-12-31
81540,2001-08-30,2024-12-31
81593,1997-07-02,2008-09-29
81655,1995-05-30,2024-12-31
81677,2019-02-27,2024-12-31
81696,2017-03-13,2023-06-16
81736,2017-07-26,2024-12-31
81774,1995-07-31,2024-12-31
81776,2007-05-31,2011-12-16
81857,2008-01-29,2016-04-01
82196,2009-04-02,2015-03-20
82276,2022-11-01,2024-12-31
82298,2009-02-26,2016-09-30
82303,2017-06-19,2024-12-31
82307,2008-07-31,2024-12-31
82308,1996-10-16,2000-07-14
82309,1995-11-01,1998-06-12
82486,2024-09-23,2024-12-31
82515,2020-10-07,2024-12-31
82581,2015-03-18,2024-12-31
82598,1999-06-25,2024-12-31
82618,2006-04-20,2016-05-12
82642,2006-01-05,2024-12-31
82643,1999-08-13,2012-09-28
82647,1995-11-03,2000-03-31
82651,2002-01-02,2024-12-31
82686,1999-12-01,2022-09-30
82705,1989-04-06,1992-10-29
82775,1995-12-20,2024-12-31
82776,1995-12-20,1998-02-20
82959,1995-08-18,2002-02-08
83111,2012-05-25,2021-07-20
83143,2009-01-06,2024-12-31
83332,1996-10-01,2006-11-30
83413,2000-05-05,2002-05-10
83421,2006-04-03,2013-05-23
83435,1999-12-08,2017-06-16
83440,1998-04-08,2000-12-01
83443,2010-02-16,2024-12-31
83462,1996-05-31,2004-03-24
83583,1999-06-09,2004-11-30
83596,1998-08-11,2008-08-26
83597,2021-12-20,2024-12-31
83601,1988-07-14,2004-12-17
83621,2017-06-19,2024-12-31
83630,2000-11-06,2001-08-31
83693,2000-05-05,2006-01-31
83699,2007-10-29,2012-12-21
83862,2004-04-01,2020-10-06
83906,2008-11-19,2018-11-30
83976,2007-03-29,2013-12-20
83981,2000-12-01,2005-12-01
83988,1996-09-30,1998-03-31
84001,2001-02-07,2007-03-28
84020,1996-11-01,2010-02-26
84032,2005-03-14,2021-09-17
84036,2000-03-16,2007-03-30
84129,2001-06-25,2024-03-15
84176,2005-12-20,2008-06-30
84262,2022-12-22,2024-12-31
84342,2001-06-04,2011-12-16
84372,2000-01-03,2007-09-28
84373,2002-12-12,2024-12-31
84375,1996-12-12,1999-11-04
84381,1996-12-09,2024-12-31
84519,2001-08-30,2009-12-18
84761,2018-03-19,2024-12-31
84767,2017-03-20,2024-12-31
84769,2008-09-30,2024-12-31
84788,2005-11-21,2024-12-31
85032,2000-07-06,2011-03-31
85035,2015-06-12,2024-12-20
85058,2006-04-03,2024-12-31
85072,2007-02-02,2024-12-31
85073,1997-06-11,2005-09-30
85238,2001-10-10,2007-02-09
85257,2013-09-23,2024-12-31
85265,2015-03-23,2021-03-19
85269,2004-04-29,2024-12-31
85271,2007-07-09,2009-03-03
85348,1997-10-07,2024-12-31
85459,2007-03-02,2024-12-31
85516,2000-10-23,2005-03-11
85522,2001-01-02,2006-05-17
85592,2011-06-03,2024-12-31
85593,2014-07-01,2019-12-20
85599,2000-07-17,2001-06-01
85621,2016-09-06,2024-12-31
85631,1989-12-21,2024-12-31
85663,2014-09-22,2024-12-31
85675,2016-12-02,2018-10-10
85753,2006-02-01,2024-12-31
85792,2009-07-01,2024-12-31
85869,1996-07-22,1999-08-06
85908,1998-04-01,2000-12-08
85913,1998-05-21,2024-12-31
85914,1999-06-30,2024-12-31
85926,1998-04-01,2023-12-15
85963,2000-07-03,2016-01-29
85991,2014-11-05,2017-10-12
86021,2004-12-01,2019-06-28
86041,2000-01-06,2000-10-02
86102,2003-04-16,2012-12-31
86111,2007-11-19,2024-12-31
86136,1998-06-30,2024-12-31
86158,2006-11-17,2024-12-31
86176,2000-10-03,2010-12-17
86228,2008-12-05,2024-12-31
86239,1957-03-01,1972-01-19
86288,2022-09-19,2024-12-31
86305,2000-06-13,2009-12-18
86314,2001-09-04,2018-09-14
86326,1999-09-29,2001-10-09
86339,2012-03-14,2024-12-31
86356,2002-07-22,2024-12-31
86414,1998-11-24,2004-04-22
86496,2000-01-31,2002-06-25
86580,2001-11-30,2024-12-31
86591,1999-05-28,2005-10-10
86725,2008-11-24,2014-01-23
86756,2001-05-14,2010-02-26
86783,2009-11-06,2024-12-31
86799,2006-06-28,2016-03-03
86845,2006-06-06,2008-03-28
86868,2002-07-22,2024-12-31
86946,2002-09-04,2017-07-25
86964,2010-12-20,2024-12-31
86976,1997-01-15,2002-07-24
86979,2006-06-02,2024-12-31
86996,2017-09-01,2024-12-31
87029,1999-08-09,2002-08-30
87034,2024-12-23,2024-12-31
87055,1993-10-22,2024-12-31
87070,2007-02-15,2015-11-02
87127,1989-08-24,1999-10-15
87137,2000-08-30,2024-12-31
87184,2009-07-27,2019-07-12
87267,2011-04-04,2024-12-31
87292,1999-11-05,2010-11-16
87299,2007-07-12,2024-12-31
87432,2000-06-05,2024-12-31
87445,2020-06-22,2024-12-31
87447,2002-07-22,2024-12-31
87536,2001-06-28,2004-04-28
87541,2017-07-26,2024-12-31
87657,2011-04-01,2024-12-31
87717,2007-10-10,2024-12-31
87800,2000-07-28,2002-08-13
87842,2000-12-11,2024-12-31
88031,2012-06-29,2024-12-31
88182,2022-06-21,2024-12-31
88281,2021-05-14,2024-12-31
88313,2000-07-13,2011-11-22
88319,2000-06-29,2005-12-30
88352,2008-06-02,2024-12-31
88388,1998-06-15,2000-06-15
88436,2015-01-27,2017-03-01
88446,2015-11-19,2024-06-21
88587,2000-10-02,2007-10-25
88590,2008-12-02,2017-04-04
88601,2001-04-03,2003-07-16
88661,2004-09-01,2024-12-31
88664,2018-11-13,2024-12-31
88668,2002-08-14,2018-06-06
88837,2012-12-12,2024-12-31
88845,2000-12-14,2018-11-30
88853,2000-12-22,2019-06-03
88860,2017-06-19,2024-12-31
88873,2016-04-25,2024-12-31
88991,2006-11-20,2014-09-19
89001,2001-07-09,2004-10-26
89002,2013-12-23,2020-06-19
89003,2006-11-10,2024-12-31
89004,2009-06-05,2017-01-13
89006,2007-04-02,2024-12-31
89014,2001-07-02,2018-11-30
89017,2016-01-05,2024-12-31
89031,2023-05-04,2024-12-31
89070,2001-08-07,2024-12-31
89071,2011-07-06,2024-12-31
89105,2011-02-28,2015-10-07
89138,2023-03-15,2024-12-31
89179,2002-07-25,2024-12-31
89195,2002-07-22,2024-12-31
89216,2016-05-03,2018-06-15
89217,2015-07-09,2023-08-24
89258,2002-07-22,2024-12-31
89269,2016-03-30,2024-12-31
89301,2007-12-14,2016-04-22
89392,1989-02-09,1999-11-15
89393,2010-12-20,2024-12-31
89463,2004-10-27,2009-07-24
89495,2002-08-21,2004-04-01
89508,2010-06-28,2024-12-31
89509,2014-06-23,2020-03-02
89525,2002-11-19,2024-12-31
89533,2008-11-14,2024-12-31
89565,2015-09-21,2015-12-11
89617,2015-03-23,2024-12-31
89626,2006-08-11,2024-12-31
89641,2012-07-02,2024-12-31
89757,2005-03-28,2012-09-04
89781,2022-03-02,2024-12-31
89813,2003-08-20,2012-04-03
89866,2016-05-23,2024-12-31
89954,2006-12-04,2015-07-28
90038,2007-04-10,2024-12-31
90071,2010-01-29,2024-12-31
90090,2021-12-20,2023-03-14
90110,2004-05-03,2015-09-02
90162,2005-12-02,2015-11-17
90199,2006-11-10,2024-12-31
90215,2008-09-15,2024-12-31
90248,2020-05-12,2024-12-31
90272,2018-09-17,2020-01-27
90305,2016-01-19,2024-12-31
90319,2006-04-03,2024-12-31
90352,2000-10-03,2009-12-18
90373,2016-05-18,2024-12-31
90386,2011-09-26,2024-12-31
90435,2004-12-03,2006-12-01
90441,2004-12-20,2019-03-19
90442,2015-09-21,2019-03-19
90454,2019-07-01,2024-12-31
90455,2021-02-12,2024-12-31
90505,2019-10-03,2024-12-31
90520,2018-12-24,2024-12-31
90537,2001-01-16,2009-03-26
90537,2011-01-18,2015-07-17
90547,2011-06-02,2012-10-01
90601,2008-10-22,2024-12-31
90609,1991-11-01,2011-04-27
90664,2020-05-12,2024-12-31
90720,2023-12-18,2024-12-31
90721,1986-01-23,1995-05-26
90805,2010-03-01,2022-04-08
90808,2007-10-02,2024-12-31
90829,2008-08-27,2024-12-31
90880,2005-10-03,2024-12-31
90979,2014-05-01,2022-06-17
90993,2007-09-26,2024-12-31
91041,2019-12-23,2024-12-31
91063,2006-01-03,2019-12-04
91068,2011-04-28,2024-12-31
91103,2015-09-03,2024-12-31
91143,2007-10-25,2013-11-12
91152,2016-06-03,2024-12-31
91207,2006-04-10,2016-09-22
91218,2006-05-18,2009-06-30
91233,2008-07-18,2024-12-31
91380,1987-01-08,2006-01-31
91388,2006-08-01,2007-04-09
91391,2006-07-18,2015-04-06
91392,2006-08-01,2018-05-30
91416,2015-03-23,2021-12-17
91461,2006-10-02,2021-12-17
91547,2009-12-21,2013-09-20
91547,2019-08-09,2024-12-31
91556,2009-12-21,2024-12-31
91611,2009-10-16,2017-03-17
91611,2022-12-19,2024-12-31
91650,2007-01-03,2017-02-27
91668,2018-03-07,2022-06-17
91849,2018-06-18,2024-12-31
91883,2009-03-30,2016-05-17
91907,2024-03-18,2024-12-31
91926,2013-09-11,2024-12-31
91937,2009-06-30,2013-04-30
91937,2019-07-15,2024-12-31
92050,2023-03-15,2024-12-31
92108,2023-09-18,2024-12-31
92121,2007-07-02,2024-12-31
92156,2007-07-02,2009-06-04
92156,2011-03-01,2015-01-26
92157,2007-07-02,2009-06-25
92157,2011-10-17,2024-12-31
92203,2023-10-18,2024-12-31
92239,2016-02-22,2021-01-20
92293,2007-10-01,2017-06-16
92322,2016-04-18,2024-12-31
92402,2018-04-04,2024-12-31
92602,2008-03-31,2024-12-31
92611,2009-12-21,2024-12-31
92614,2016-03-04,2024-12-31
92618,2008-10-07,2018-06-29
92655,1994-07-01,2024-12-31
92709,2008-07-01,2018-03-06
92772,2016-05-13,2016-05-13
92778,2014-08-07,2022-04-08
92890,2009-12-21,2017-06-16
92988,2009-09-01,2015-03-17
93002,2014-05-08,2024-12-31
93089,2015-10-08,2024-12-31
93096,2012-12-03,2024-12-31
93132,2018-10-11,2024-12-31
93159,2012-07-31,2016-03-29
93246,2021-03-22,2024-12-31
93422,2010-07-01,2015-06-30
93429,2017-03-01,2024-12-31
93436,2020-12-21,2024-12-31
